[{"model": "mainapp.category", "pk": 1, "fields": {"name": "дом", "description": "Какое-то описание категории Дом"}}, {"model": "mainapp.category", "pk": 2, "fields": {"name": "офис", "description": "Какое-то описание категории Офис"}}, {"model": "mainapp.category", "pk": 3, "fields": {"name": "модерн", "description": "Какое-то описание категории Модерн"}}, {"model": "mainapp.category", "pk": 4, "fields": {"name": "классика", "description": "Какое-то описание категории Классика"}}]